filename,ann_id,class,x,y,w,h
676.png,1,2,278,245,43,55
960.png,2,2,293,315,69,24
960.png,3,2,102,157,35,23
960.png,4,0,84,192,13,45
99.png,5,0,323,221,26,27
672.png,6,1,157,379,51,64
672.png,7,1,353,274,49,32
7.png,8,1,225,37,74,37
833.png,9,0,210,112,22,20
628.png,10,0,278,175,36,16
546.png,11,2,112,104,59,128
532.png,12,2,231,121,36,105
18.png,13,1,128,341,18,33
48.png,14,1,283,171,96,37
48.png,15,2,114,102,81,104
538.png,16,1,329,164,43,39
442.png,17,1,331,146,39,11
859.png,18,1,20,108,84,114
494.png,19,1,232,65,52,30
494.png,20,1,233,194,18,63
764.png,21,0,284,104,44,54
353.png,22,1,327,260,56,79
258.png,23,2,266,235,48,101
289.png,24,0,243,196,29,15
13.png,25,1,241,92,45,39
303.png,26,0,144,132,43,17
303.png,27,1,177,85,81,24
303.png,28,2,265,75,48,11
788.png,29,2,181,211,33,107
835.png,30,1,36,223,49,107
835.png,31,1,183,369,63,30
150.png,32,1,160,109,55,43
908.png,33,1,223,111,61,43
908.png,34,1,136,256,22,100
95.png,35,0,207,242,13,45
710.png,36,1,200,114,38,38
519.png,37,1,204,174,57,22
976.png,38,0,161,248,28,39
925.png,39,0,186,106,44,27
925.png,40,0,203,102,52,14
236.png,41,1,102,44,51,59
930.png,42,2,70,124,60,100
851.png,43,2,136,72,51,74
851.png,44,0,201,77,35,12
851.png,45,1,186,76,41,44
903.png,46,1,100,272,13,66
32.png,47,0,179,115,45,18
865.png,48,0,58,135,56,39
156.png,49,1,340,282,34,41
361.png,50,0,152,65,76,34
59.png,51,2,172,46,55,111
59.png,52,1,201,58,56,28
666.png,53,1,152,338,59,25
31.png,54,1,201,65,26,88
31.png,55,1,342,65,40,26
915.png,56,0,200,143,30,21
319.png,57,0,48,58,54,23
405.png,58,1,142,22,120,50
745.png,59,1,260,292,54,19
745.png,60,0,187,65,81,30
385.png,61,0,206,92,30,30
385.png,62,0,152,62,44,27
388.png,63,2,114,196,26,121
606.png,64,0,54,370,26,31
869.png,65,0,129,59,54,37
869.png,66,0,213,83,45,39
82.png,67,1,193,101,90,37
744.png,68,1,202,65,53,18
744.png,69,1,215,91,27,64
836.png,70,1,185,92,72,34
785.png,71,1,184,103,56,30
623.png,72,0,254,82,49,49
579.png,73,0,217,95,71,37
250.png,74,0,311,239,13,25
250.png,75,1,253,207,49,18
701.png,76,0,224,158,65,59
584.png,77,0,158,107,64,87
454.png,78,0,161,173,64,41
485.png,79,0,307,179,43,22
33.png,80,1,314,90,47,32
397.png,81,1,332,202,60,37
552.png,82,1,271,177,74,40
552.png,83,1,178,162,55,35
164.png,84,0,160,86,37,60
164.png,85,1,336,193,68,53
648.png,86,1,382,251,99,22
479.png,87,2,144,43,68,31
479.png,88,1,46,70,75,43
60.png,89,1,158,125,24,41
861.png,90,1,127,86,84,46
98.png,91,1,350,220,99,168
228.png,92,0,236,181,41,47
228.png,93,1,200,75,103,117
130.png,94,2,268,180,36,141
660.png,95,2,223,176,84,103
660.png,96,1,204,102,123,106
660.png,97,1,125,78,75,56
1.png,98,1,328,297,80,141
557.png,99,0,210,47,60,30
557.png,100,0,137,98,39,50
451.png,101,0,137,151,71,34
147.png,102,0,293,216,25,28
147.png,103,0,192,108,51,33
162.png,104,2,226,103,53,57
322.png,105,1,135,179,42,76
377.png,106,0,108,119,55,18
234.png,107,2,293,117,28,74
731.png,108,0,280,147,25,15
492.png,109,2,283,235,39,56
492.png,110,0,147,58,39,28
871.png,111,2,85,160,33,86
871.png,112,0,205,291,34,18
517.png,113,1,164,304,80,17
517.png,114,2,104,249,35,76
25.png,115,0,285,74,38,36
555.png,116,1,158,205,27,75
396.png,117,2,216,59,50,21
172.png,118,0,204,71,68,45
346.png,119,1,183,133,55,35
73.png,120,1,195,249,69,23
73.png,121,0,196,104,50,39
743.png,122,1,168,248,15,49
743.png,123,0,304,194,19,13
596.png,124,0,128,70,45,22
241.png,125,0,212,199,41,38
855.png,126,1,216,109,41,33
725.png,127,0,190,200,41,25
80.png,128,0,112,269,36,61
386.png,129,2,240,93,59,64
200.png,130,0,80,169,30,47
118.png,131,1,206,111,49,29
522.png,132,0,263,102,32,29
622.png,133,1,243,122,37,96
378.png,134,2,182,140,63,250
973.png,135,0,109,55,121,135
615.png,136,2,89,112,105,217
605.png,137,1,77,319,38,63
605.png,138,2,75,193,52,78
408.png,139,2,305,196,47,206
408.png,140,2,213,94,58,56
408.png,141,2,286,148,125,101
22.png,142,2,125,263,66,131
899.png,143,2,74,216,36,66
899.png,144,0,124,62,77,20
899.png,145,0,108,213,29,34
309.png,146,1,185,155,65,91
309.png,147,1,258,277,91,26
309.png,148,1,246,282,87,78
72.png,149,0,274,305,30,26
72.png,150,0,161,193,35,24
72.png,151,1,191,227,63,85
72.png,152,0,119,164,39,38
455.png,153,2,309,261,33,56
394.png,154,2,217,239,41,83
1000.png,155,2,134,110,73,86
646.png,156,1,128,125,43,68
78.png,157,1,178,15,87,43
78.png,158,2,205,45,61,59
654.png,159,0,125,46,88,92
654.png,160,1,205,112,58,26
723.png,161,0,96,267,27,41
647.png,162,1,146,80,55,20
759.png,163,1,10,307,41,69
759.png,164,2,17,121,95,180
759.png,165,1,110,59,61,42
759.png,166,2,42,369,213,81
953.png,167,2,6,317,187,78
953.png,168,0,124,62,46,36
953.png,169,2,17,104,111,194
953.png,170,0,165,321,31,43
763.png,171,0,178,70,62,30
763.png,172,0,263,88,32,15
341.png,173,1,240,235,67,17
176.png,174,2,133,125,72,98
176.png,175,2,217,99,117,39
176.png,176,2,192,219,42,96
255.png,177,2,193,52,149,155
404.png,178,1,185,93,54,180
404.png,179,0,233,147,46,44
448.png,180,0,149,104,23,56
448.png,181,1,155,17,146,81
652.png,182,2,156,39,205,220
652.png,183,2,63,75,63,96
161.png,184,1,270,170,137,135
161.png,185,2,176,123,121,180
24.png,186,1,237,154,76,59
748.png,187,2,377,125,48,81
748.png,188,0,249,99,52,28
748.png,189,1,139,176,83,206
748.png,190,0,116,110,24,57
748.png,191,2,179,81,187,47
717.png,192,2,382,221,65,122
717.png,193,1,191,63,70,38
717.png,194,2,262,94,69,66
717.png,195,0,226,65,113,33
220.png,196,1,316,261,32,149
220.png,197,1,251,87,95,64
220.png,198,2,229,77,67,106
316.png,199,2,105,233,85,88
316.png,200,1,99,107,66,129
316.png,201,0,156,70,54,33
316.png,202,1,202,312,107,40
876.png,203,2,173,244,70,29
876.png,204,0,117,39,75,38
876.png,205,0,101,72,29,54
876.png,206,1,62,262,178,42
876.png,207,2,33,181,50,116
876.png,208,0,77,130,42,62
721.png,209,1,250,271,55,87
721.png,210,0,261,151,26,58
21.png,211,0,65,149,33,54
21.png,212,2,71,229,110,115
21.png,213,2,185,329,130,60
21.png,214,2,104,39,132,99
693.png,215,0,143,339,31,37
693.png,216,1,91,111,105,110
693.png,217,0,35,342,40,64
693.png,218,2,171,292,69,44
693.png,219,1,185,383,92,42
354.png,220,1,315,246,42,42
354.png,221,0,132,133,34,15
354.png,222,1,388,308,66,43
354.png,223,2,256,151,57,32
354.png,224,2,166,134,132,94
134.png,225,2,208,201,51,83
134.png,226,1,156,102,81,65
134.png,227,1,100,89,115,119
134.png,228,2,87,77,85,25
134.png,229,2,229,163,94,26
730.png,230,2,59,105,89,129
342.png,231,0,111,102,85,65
314.png,232,2,68,167,84,93
415.png,233,2,168,97,47,205
415.png,234,0,239,214,34,53
317.png,235,0,105,85,76,31
440.png,236,0,92,183,52,55
895.png,237,0,157,64,66,45
445.png,238,1,156,318,27,106
609.png,239,0,110,80,87,46
634.png,240,2,191,140,59,114
634.png,241,0,89,79,71,37
634.png,242,2,168,94,105,63
715.png,243,1,233,119,87,72
715.png,244,1,230,91,82,44
794.png,245,0,257,118,45,35
794.png,246,2,220,179,111,73
177.png,247,0,220,134,47,30
119.png,248,2,227,67,128,95
119.png,249,1,120,83,67,24
806.png,250,0,195,197,29,81
178.png,251,2,189,230,94,117
514.png,252,2,237,163,27,73
514.png,253,0,201,31,40,51
640.png,254,2,117,246,35,90
798.png,255,1,282,189,48,45
714.png,256,1,119,153,49,85
109.png,257,1,85,154,42,42
109.png,258,0,121,149,61,24
109.png,259,1,173,377,70,36
109.png,260,2,151,408,93,27
109.png,261,2,21,237,38,129
109.png,262,1,46,370,116,46
729.png,263,0,81,195,45,53
729.png,264,1,140,326,158,22
754.png,265,1,148,103,30,76
754.png,266,0,159,197,29,46
754.png,267,0,177,47,79,26
254.png,268,2,117,266,54,30
254.png,269,2,18,148,83,151
254.png,270,2,127,284,107,20
254.png,271,1,91,90,107,63
254.png,272,0,66,289,52,34
920.png,273,0,94,193,69,29
920.png,274,1,102,280,76,37
370.png,275,0,102,194,78,30
370.png,276,0,194,192,39,29
370.png,277,0,96,161,75,25
108.png,278,2,86,165,59,166
904.png,279,0,251,134,20,38
904.png,280,0,263,177,42,28
432.png,281,1,141,59,66,46
432.png,282,1,108,68,62,43
321.png,283,1,215,62,118,57
321.png,284,1,181,69,80,48
750.png,285,2,144,133,135,44
750.png,286,2,158,177,109,40
473.png,287,2,273,127,72,156
473.png,288,2,184,106,59,15
910.png,289,2,196,132,121,87
9.png,290,1,63,108,80,100
956.png,291,0,241,131,25,26
395.png,292,1,187,260,77,49
395.png,293,1,146,122,63,124
803.png,294,0,91,176,31,90
803.png,295,0,121,72,71,52
125.png,296,0,230,245,49,21
125.png,297,0,80,214,28,49
934.png,298,0,106,110,40,78
934.png,299,2,81,211,67,115
934.png,300,0,153,51,96,44
233.png,301,2,169,67,111,78
233.png,302,1,150,117,54,64
233.png,303,0,275,141,22,57
233.png,304,2,266,267,28,93
907.png,305,2,170,42,126,88
907.png,306,0,94,115,37,64
276.png,307,2,194,198,41,154
276.png,308,1,159,136,36,54
276.png,309,2,208,193,82,98
276.png,310,0,171,82,81,38
368.png,311,1,197,318,97,26
631.png,312,2,76,128,28,83
631.png,313,2,98,66,97,68
631.png,314,1,220,276,63,38
533.png,315,1,202,343,49,41
533.png,316,1,175,289,39,71
533.png,317,0,236,178,61,76
506.png,318,2,127,113,31,94
506.png,319,0,153,60,38,52
506.png,320,0,132,269,22,27
506.png,321,2,143,313,69,45
563.png,322,1,144,117,24,44
563.png,323,0,175,83,71,24
50.png,324,0,204,142,16,26
50.png,325,2,236,166,58,64
266.png,326,1,161,135,81,31
617.png,327,2,140,179,44,117
526.png,328,1,109,134,66,128
573.png,329,1,138,191,71,205
179.png,330,1,152,81,42,71
179.png,331,1,195,95,145,113
535.png,332,0,126,176,39,22
535.png,333,1,63,173,187,211
544.png,334,1,158,127,33,37
544.png,335,1,93,149,175,185
183.png,336,2,91,112,146,86
229.png,337,2,118,98,172,100
360.png,338,0,193,163,28,58
360.png,339,0,173,137,73,25
469.png,340,1,288,84,54,92
142.png,341,2,64,114,172,197
893.png,342,1,105,148,135,248
758.png,343,2,39,228,37,117
146.png,344,2,78,190,51,87
291.png,345,2,199,89,44,41
291.png,346,1,211,77,182,128
914.png,347,2,133,133,84,61
914.png,348,0,152,269,35,21
302.png,349,2,311,143,74,55
302.png,350,1,111,138,68,17
157.png,351,2,250,121,116,182
524.png,352,2,278,151,57,55
524.png,353,2,246,118,51,156
367.png,354,2,93,124,133,237
91.png,355,1,176,97,71,213
94.png,356,0,184,90,134,222
868.png,357,2,71,258,42,82
411.png,358,1,177,117,153,257
491.png,359,2,150,125,144,50
243.png,360,1,206,126,47,48
780.png,361,1,108,237,71,43
780.png,362,1,108,146,78,36
284.png,363,1,31,281,67,23
284.png,364,2,179,269,57,26
62.png,365,1,257,172,82,51
62.png,366,0,189,282,64,41
831.png,367,0,253,106,41,18
757.png,368,0,264,124,41,12
728.png,369,1,86,126,93,135
624.png,370,0,131,26,145,155
624.png,371,0,71,34,47,32
957.png,372,2,49,72,169,225
180.png,373,1,60,74,148,234
674.png,374,1,136,182,21,81
674.png,375,1,97,104,107,46
958.png,376,2,112,91,129,57
980.png,377,2,89,103,139,182
128.png,378,1,114,87,129,193
424.png,379,1,117,199,54,99
664.png,380,1,64,135,36,84
47.png,381,1,215,106,67,47
746.png,382,1,206,112,164,182
244.png,383,0,158,76,87,29
244.png,384,2,318,179,62,99
824.png,385,0,268,197,35,47
824.png,386,1,311,230,113,64
852.png,387,1,111,203,86,132
139.png,388,1,99,47,100,120
751.png,389,2,113,87,120,241
184.png,390,2,124,51,69,171
985.png,391,1,169,114,69,77
985.png,392,1,242,170,51,51
490.png,393,1,167,179,31,59
490.png,394,2,204,137,149,80
921.png,395,2,158,61,137,73
921.png,396,2,293,133,62,93
392.png,397,0,85,46,65,23
392.png,398,1,161,53,121,79
554.png,399,1,237,85,56,66
554.png,400,0,185,68,44,26
825.png,401,1,145,365,151,28
825.png,402,1,105,198,94,187
54.png,403,0,91,75,120,179
471.png,404,1,165,208,34,82
471.png,405,2,269,280,71,19
471.png,406,0,197,125,48,61
15.png,407,1,118,111,96,21
633.png,408,2,283,195,110,90
633.png,409,1,164,132,77,45
380.png,410,0,187,104,110,166
380.png,411,1,229,118,105,107
989.png,412,1,215,97,49,71
989.png,413,1,401,266,24,62
989.png,414,2,262,194,107,28
171.png,415,1,197,274,35,116
171.png,416,1,201,113,88,55
688.png,417,1,192,56,52,108
688.png,418,0,216,212,15,34
688.png,419,0,220,249,30,40
387.png,420,2,138,61,125,100
387.png,421,2,276,218,45,62
14.png,422,1,188,209,76,47
14.png,423,2,191,53,77,117
14.png,424,1,276,301,26,99
209.png,425,1,125,130,83,54
935.png,426,0,126,59,65,34
203.png,427,1,323,234,49,63
887.png,428,1,186,29,89,32
887.png,429,0,101,68,18,27
887.png,430,0,116,31,58,38
887.png,431,1,276,61,117,173
673.png,432,1,122,57,184,329
673.png,433,0,72,57,46,30
197.png,434,0,171,101,62,73
197.png,435,0,289,85,27,54
160.png,436,0,122,148,68,34
160.png,437,0,135,325,47,29
160.png,438,0,83,290,42,41
530.png,439,0,98,95,69,41
993.png,440,0,55,106,37,23
993.png,441,2,143,136,81,137
10.png,442,2,230,120,19,73
10.png,443,1,178,109,34,123
603.png,444,2,202,65,32,80
603.png,445,0,153,28,53,28
768.png,446,1,281,71,28,119
655.png,447,2,54,184,117,227
990.png,448,1,109,112,68,47
990.png,449,2,131,78,90,20
512.png,450,1,235,290,15,40
512.png,451,2,225,76,20,59
219.png,452,1,256,106,50,27
219.png,453,2,308,138,76,21
755.png,454,1,228,212,55,48
755.png,455,1,114,128,51,25
755.png,456,0,68,110,59,17
755.png,457,2,129,167,37,48
238.png,458,0,165,128,26,25
238.png,459,2,125,154,41,130
2.png,460,1,225,66,34,12
2.png,461,1,235,2,64,45
2.png,462,1,237,102,53,117
884.png,463,1,179,206,55,25
884.png,464,2,211,247,64,67
884.png,465,0,123,181,54,30
168.png,466,1,34,146,169,190
168.png,467,2,55,350,212,49
994.png,468,2,51,322,116,106
994.png,469,1,25,145,115,244
121.png,470,1,224,151,132,130
190.png,471,1,85,189,25,72
190.png,472,0,110,132,18,31
190.png,473,0,177,75,63,23
406.png,474,2,120,21,81,28
406.png,475,0,87,20,150,223
155.png,476,1,205,58,67,236
155.png,477,0,234,66,57,49
503.png,478,2,101,177,38,154
145.png,479,1,128,140,105,93
645.png,480,1,54,74,57,113
520.png,481,0,128,114,35,17
520.png,482,1,149,146,94,94
939.png,483,1,119,121,61,192
141.png,484,1,128,7,131,86
616.png,485,1,236,138,72,71
216.png,486,1,156,170,32,147
216.png,487,1,120,234,51,129
175.png,488,2,127,283,42,125
175.png,489,2,118,174,104,159
766.png,490,0,162,134,36,18
766.png,491,1,183,168,75,117
306.png,492,1,230,57,55,135
923.png,493,2,163,245,127,143
52.png,494,0,110,201,50,22
52.png,495,1,47,294,59,65
52.png,496,2,49,220,50,56
770.png,497,1,144,167,104,115
770.png,498,1,227,104,58,71
4.png,499,2,269,176,69,71
945.png,500,1,218,62,84,167
912.png,501,1,157,100,87,41
978.png,502,0,176,78,75,58
689.png,503,1,112,151,57,90
372.png,504,1,155,98,72,32
262.png,505,2,80,130,56,134
995.png,506,1,45,141,65,95
938.png,507,0,147,99,156,71
732.png,508,1,122,74,47,28
732.png,509,1,195,84,53,87
46.png,510,2,84,182,52,61
46.png,511,0,74,243,34,46
46.png,512,0,149,231,69,43
428.png,513,2,201,48,145,150
594.png,514,1,186,71,87,216
149.png,515,2,156,46,85,197
644.png,516,0,236,141,54,24
644.png,517,2,139,168,35,119
270.png,518,2,181,35,79,38
661.png,519,2,146,225,31,113
661.png,520,1,219,160,70,32
81.png,521,2,86,235,142,163
81.png,522,1,87,164,59,67
81.png,523,2,136,131,110,52
277.png,524,0,120,113,63,29
277.png,525,2,292,109,63,52
277.png,526,1,124,156,39,165
739.png,527,0,193,149,32,186
419.png,528,0,126,79,46,16
419.png,529,1,230,118,102,253
419.png,530,1,271,140,77,37
301.png,531,2,159,187,96,168
137.png,532,1,159,70,105,245
844.png,533,0,238,397,49,29
844.png,534,1,96,327,121,84
844.png,535,1,65,123,98,154
240.png,536,1,107,227,150,34
240.png,537,0,105,40,72,61
240.png,538,1,47,100,73,114
313.png,539,1,225,91,24,44
93.png,540,1,230,94,45,46
786.png,541,2,52,120,75,72
107.png,542,0,235,155,45,24
107.png,543,1,219,186,87,53
601.png,544,1,94,265,60,68
601.png,545,0,204,330,43,19
601.png,546,1,121,113,83,24
667.png,547,0,94,152,51,19
111.png,548,0,207,35,25,23
111.png,549,2,288,120,136,76
71.png,550,1,177,129,30,62
819.png,551,0,248,94,17,30
819.png,552,0,203,61,37,33
819.png,553,1,244,144,46,97
122.png,554,2,241,133,123,70
707.png,555,2,184,170,40,93
707.png,556,1,248,71,69,44
941.png,557,0,199,387,58,26
941.png,558,0,150,174,51,19
260.png,559,2,189,293,91,36
348.png,560,1,139,91,147,103
166.png,561,0,104,110,36,50
70.png,562,0,18,199,46,53
165.png,563,1,50,153,93,117
158.png,564,2,240,51,69,61
30.png,565,0,218,132,94,38
30.png,566,0,135,112,74,35
199.png,567,1,187,64,84,41
497.png,568,2,250,162,42,172
981.png,569,1,55,135,84,171
475.png,570,1,139,124,82,164
379.png,571,2,207,277,24,102
527.png,572,2,117,148,42,203
337.png,573,0,183,139,77,23
76.png,574,1,89,140,91,76
239.png,575,1,274,253,51,49
636.png,576,0,113,87,66,17
36.png,577,2,368,207,24,54
801.png,578,1,92,199,33,98
343.png,579,2,74,74,83,39
343.png,580,2,34,109,74,137
336.png,581,1,204,102,32,29
131.png,582,1,310,237,29,71
131.png,583,0,206,94,53,15
969.png,584,1,165,54,98,38
126.png,585,0,61,127,44,68
816.png,586,2,249,119,61,80
813.png,587,0,151,275,23,59
152.png,588,0,122,82,90,44
27.png,589,0,152,188,39,50
75.png,590,2,95,141,63,116
69.png,591,2,126,196,32,159
864.png,592,1,218,81,55,23
864.png,593,0,180,77,47,28
864.png,594,0,250,126,29,15
389.png,595,1,155,83,72,72
599.png,596,2,287,187,138,152
599.png,597,2,174,53,166,38
599.png,598,2,185,100,76,53
599.png,599,1,260,137,77,20
653.png,600,0,194,92,39,48
188.png,601,1,77,86,86,217
509.png,602,2,266,116,73,49
509.png,603,1,194,81,110,82
734.png,604,2,166,20,165,54
734.png,605,2,267,107,84,22
734.png,606,0,197,88,68,38
734.png,607,2,331,201,91,105
812.png,608,0,88,101,35,32
402.png,609,2,283,156,63,62
977.png,610,1,67,188,44,73
489.png,611,2,277,191,99,136
586.png,612,1,64,187,58,99
586.png,613,1,206,278,77,29
951.png,614,0,275,268,41,43
431.png,615,1,193,85,96,26
848.png,616,1,74,179,46,84
848.png,617,0,229,236,70,26
88.png,618,0,232,191,75,56
88.png,619,0,219,240,39,19
839.png,620,2,225,285,79,119
839.png,621,1,123,102,87,108
113.png,622,0,128,83,59,28
931.png,623,1,200,140,84,63
828.png,624,1,180,99,56,57
53.png,625,1,253,82,51,59
376.png,626,2,270,285,89,20
968.png,627,1,62,157,28,95
242.png,628,2,244,78,98,205
477.png,629,2,140,158,112,42
318.png,630,1,232,139,52,44
933.png,631,2,155,31,106,35
434.png,632,0,86,101,78,37
610.png,633,1,103,155,27,85
773.png,634,0,146,191,70,31
604.png,635,2,223,44,69,118
604.png,636,0,235,44,52,17
629.png,637,2,101,87,168,170
508.png,638,1,59,334,61,62
880.png,639,2,282,226,88,47
880.png,640,1,245,183,80,19
187.png,641,1,136,90,119,31
523.png,642,2,145,116,145,90
650.png,643,0,254,141,48,27
650.png,644,1,184,102,64,49
741.png,645,1,200,253,52,57
741.png,646,0,135,191,44,59
799.png,647,1,260,92,46,51
918.png,648,0,130,234,29,64
148.png,649,1,257,90,41,44
704.png,650,0,160,130,76,34
889.png,651,1,179,135,50,28
251.png,652,0,112,370,36,33
251.png,653,0,176,60,72,23
686.png,654,1,138,248,82,37
447.png,655,1,143,138,113,43
87.png,656,2,231,125,52,122
201.png,657,1,192,214,75,22
740.png,658,1,196,101,27,58
740.png,659,0,189,66,16,25
740.png,660,1,200,63,30,12
105.png,661,0,193,47,47,39
105.png,662,0,89,72,68,30
325.png,663,0,107,89,66,42
335.png,664,1,226,80,76,77
195.png,665,1,257,134,34,61
936.png,666,0,120,117,49,36
936.png,667,1,269,200,56,48
595.png,668,0,193,114,62,43
274.png,669,1,232,167,45,79
274.png,670,1,154,132,66,23
274.png,671,2,107,124,142,144
375.png,672,0,235,78,25,28
375.png,673,0,228,105,59,44
259.png,674,1,84,150,44,94
259.png,675,2,127,272,133,36
760.png,676,1,115,128,63,78
760.png,677,2,99,211,24,107
296.png,678,1,155,220,134,37
845.png,679,0,265,240,28,38
845.png,680,2,182,155,97,72
632.png,681,2,168,61,132,90
632.png,682,1,231,74,80,12
632.png,683,2,165,16,132,34
347.png,684,2,211,113,84,47
362.png,685,2,124,94,89,32
534.png,686,0,231,121,43,30
534.png,687,0,194,180,33,46
808.png,688,2,276,89,42,39
299.png,689,0,62,147,75,42
299.png,690,1,135,134,83,38
299.png,691,2,126,95,94,66
299.png,692,0,124,169,76,56
344.png,693,1,103,91,64,29
6.png,694,2,250,154,79,79
6.png,695,0,167,178,53,23
680.png,696,2,216,64,78,57
680.png,697,2,300,122,72,106
416.png,698,1,204,268,62,25
29.png,699,2,234,128,68,152
496.png,700,2,138,99,105,64
496.png,701,0,217,278,71,20
843.png,702,1,132,146,46,197
781.png,703,0,183,55,51,27
133.png,704,1,76,208,47,86
553.png,705,1,196,122,46,93
769.png,706,1,226,103,33,51
8.png,707,0,141,104,78,42
185.png,708,0,205,71,39,47
371.png,709,1,170,63,50,79
330.png,710,0,174,126,39,42
245.png,711,2,225,158,82,26
267.png,712,2,97,135,71,61
576.png,713,2,150,156,107,87
906.png,714,0,193,80,51,31
500.png,715,1,178,112,85,26
120.png,716,0,174,144,51,26
409.png,717,0,185,222,69,50
409.png,718,0,89,252,69,40
112.png,719,1,232,99,53,31
987.png,720,0,171,107,100,54
476.png,721,0,91,250,52,23
16.png,722,1,118,182,39,59
791.png,723,0,120,164,55,51
774.png,724,2,293,244,43,59
562.png,725,1,292,305,16,109
817.png,726,1,212,111,74,44
817.png,727,1,285,197,46,43
811.png,728,2,240,102,74,125
984.png,729,1,152,238,35,63
984.png,730,0,140,77,19,48
663.png,731,0,46,261,37,65
668.png,732,1,256,172,42,68
668.png,733,0,170,119,58,36
327.png,734,1,213,216,37,48
327.png,735,2,176,133,94,17
656.png,736,2,153,135,125,35
92.png,737,2,48,194,55,177
619.png,738,1,8,87,84,141
44.png,739,2,205,287,29,90
862.png,740,1,90,226,119,22
488.png,741,2,88,133,107,155
400.png,742,0,177,87,60,34
649.png,743,1,19,218,80,95
940.png,744,1,146,154,67,36
858.png,745,1,111,155,98,84
702.png,746,1,76,118,56,68
545.png,747,0,189,80,50,37
545.png,748,1,213,82,57,18
545.png,749,1,249,126,42,15
222.png,750,1,284,147,50,45
846.png,751,0,47,256,24,68
498.png,752,2,131,102,72,122
456.png,753,2,212,205,54,113
932.png,754,0,227,134,28,50
613.png,755,0,167,198,27,59
613.png,756,0,283,97,33,22
929.png,757,1,244,87,32,26
929.png,758,0,212,84,37,28
192.png,759,2,150,93,100,28
499.png,760,1,111,140,104,144
795.png,761,1,242,106,70,43
886.png,762,1,128,194,99,118
294.png,763,0,220,166,46,46
621.png,764,1,38,147,80,73
560.png,765,0,78,239,67,32
805.png,766,0,104,195,93,86
805.png,767,1,111,62,77,129
484.png,768,0,205,154,18,53
271.png,769,0,86,155,42,36
271.png,770,0,180,85,15,33
719.png,771,1,263,312,30,29
789.png,772,0,309,229,22,39
972.png,773,0,115,116,74,35
357.png,774,2,112,118,81,117
359.png,775,1,214,133,37,53
657.png,776,2,37,166,259,102
292.png,777,0,153,228,19,17
578.png,778,1,282,166,21,56
857.png,779,1,274,132,36,46
566.png,780,1,127,115,86,36
513.png,781,1,192,109,122,66
589.png,782,1,99,152,50,81
352.png,783,1,133,162,99,58
210.png,784,2,217,141,96,101
297.png,785,1,119,139,91,54
102.png,786,0,215,149,47,42
324.png,787,1,100,192,111,152
324.png,788,1,99,53,101,70
56.png,789,1,143,47,91,76
56.png,790,2,226,123,39,77
837.png,791,1,186,55,80,113
583.png,792,2,42,277,42,112
983.png,793,1,86,213,29,101
879.png,794,2,186,225,47,162
607.png,795,2,246,228,33,156
823.png,796,2,86,193,45,131
971.png,797,0,392,224,38,86
782.png,798,0,322,248,25,59
423.png,799,0,286,231,21,60
567.png,800,0,129,345,70,77
567.png,801,0,189,334,30,85
421.png,802,0,235,376,36,94
421.png,803,0,180,382,68,63
355.png,804,1,214,132,73,29
627.png,805,0,211,99,63,28
909.png,806,2,223,48,53,41
820.png,807,0,157,124,50,15
85.png,808,2,113,234,35,94
427.png,809,0,290,245,44,44
718.png,810,1,110,181,156,159
718.png,811,2,118,64,80,90
215.png,812,1,94,178,110,81
215.png,813,1,102,66,79,108
417.png,814,1,151,127,104,89
602.png,815,1,85,127,122,39
334.png,816,1,203,111,47,91
34.png,817,1,102,323,85,62
34.png,818,2,84,109,93,89
747.png,819,1,119,140,76,102
747.png,820,0,120,313,96,31
690.png,821,1,156,94,108,114
300.png,822,2,143,177,83,161
698.png,823,0,118,188,103,89
581.png,824,2,88,200,46,123
581.png,825,0,161,189,71,30
765.png,826,2,31,91,49,109
311.png,827,2,147,93,31,94
329.png,828,1,227,125,81,91
246.png,829,1,229,117,71,101
349.png,830,0,208,88,76,25
964.png,831,1,166,42,69,24
569.png,832,1,111,112,72,49
986.png,833,0,116,171,59,37
320.png,834,0,99,72,58,24
565.png,835,0,130,79,64,45
892.png,836,2,196,80,97,69
892.png,837,0,119,133,33,50
892.png,838,1,122,65,79,63
189.png,839,1,344,359,108,101
189.png,840,1,228,156,70,109
189.png,841,2,323,281,14,64
189.png,842,1,170,142,55,23
224.png,843,0,171,265,44,32
651.png,844,0,284,163,14,61
332.png,845,1,224,12,69,36
452.png,846,0,139,107,50,22
117.png,847,1,259,274,36,96
117.png,848,0,144,94,47,30
287.png,849,2,166,31,58,73
449.png,850,0,119,274,33,17
449.png,851,0,32,145,21,62
114.png,852,1,121,65,91,26
611.png,853,2,205,104,77,92
611.png,854,0,277,204,35,60
414.png,855,2,203,126,29,93
41.png,856,2,90,199,82,28
278.png,857,2,215,233,93,135
278.png,858,2,170,56,66,170
453.png,859,1,39,118,66,160
949.png,860,2,145,104,76,55
670.png,861,1,86,200,42,111
867.png,862,1,68,200,46,153
590.png,863,1,84,87,144,42
620.png,864,0,155,81,68,33
620.png,865,2,175,207,46,103
308.png,866,2,236,279,20,74
51.png,867,1,278,327,32,82
665.png,868,1,209,69,77,17
285.png,869,1,168,115,128,83
853.png,870,1,188,45,55,29
574.png,871,0,206,154,21,26
323.png,872,0,301,220,26,21
40.png,873,1,243,175,58,41
550.png,874,0,155,162,51,83
641.png,875,1,82,210,93,111
639.png,876,0,102,72,44,74
639.png,877,0,58,179,39,67
124.png,878,0,166,68,37,19
726.png,879,1,113,199,68,58
265.png,880,0,176,157,31,48
697.png,881,0,171,84,62,27
252.png,882,0,86,93,31,32
252.png,883,1,252,131,74,40
252.png,884,1,134,171,72,19
252.png,885,0,78,128,26,58
252.png,886,1,256,194,68,49
252.png,887,0,127,41,43,29
252.png,888,0,111,67,22,24
55.png,889,2,185,85,31,32
55.png,890,2,209,113,49,77
55.png,891,0,251,186,11,38
444.png,892,2,252,120,43,29
588.png,893,0,136,192,32,54
588.png,894,2,152,105,112,94
588.png,895,1,162,262,114,56
548.png,896,2,97,206,97,193
821.png,897,0,384,291,13,38
821.png,898,0,372,249,22,38
821.png,899,1,300,193,78,55
217.png,900,1,132,243,24,88
466.png,901,1,235,75,68,38
466.png,902,1,227,127,70,97
457.png,903,2,95,194,93,104
261.png,904,2,294,308,34,67
261.png,905,2,176,120,98,69
261.png,906,1,251,238,46,67
230.png,907,0,149,172,71,60
937.png,908,0,256,99,18,23
585.png,909,1,73,235,56,129
585.png,910,1,145,191,59,30
585.png,911,1,125,398,141,35
787.png,912,1,280,277,53,120
787.png,913,1,226,212,50,57
247.png,914,1,138,153,102,218
295.png,915,0,196,89,26,21
422.png,916,2,50,19,161,170
356.png,917,2,248,282,56,134
356.png,918,1,146,147,92,74
720.png,919,1,218,143,33,41
961.png,920,1,111,212,57,75
790.png,921,1,182,212,66,44
790.png,922,1,119,385,50,62
790.png,923,1,104,128,32,45
790.png,924,0,151,262,20,46
790.png,925,1,145,186,31,59
463.png,926,0,272,302,34,37
463.png,927,1,168,214,159,70
463.png,928,0,110,292,83,37
463.png,929,0,392,260,36,26
767.png,930,2,177,61,52,40
767.png,931,1,264,215,15,68
767.png,932,2,229,99,31,40
970.png,933,2,36,150,56,83
970.png,934,1,170,108,80,95
970.png,935,2,52,303,58,75
970.png,936,1,99,333,46,37
521.png,937,1,312,150,31,52
66.png,938,2,111,165,61,140
381.png,939,2,98,86,74,51
381.png,940,1,169,97,74,51
381.png,941,1,176,144,47,55
89.png,942,2,221,216,37,62
487.png,943,2,173,131,61,58
487.png,944,2,173,169,90,38
919.png,945,1,283,234,30,40
966.png,946,0,163,160,35,42
966.png,947,0,188,175,65,52
49.png,948,0,334,272,23,29
49.png,949,0,197,365,40,20
687.png,950,2,171,306,79,125
358.png,951,1,275,271,30,44
151.png,952,1,97,271,125,62
151.png,953,0,87,201,27,65
151.png,954,1,95,141,68,51
273.png,955,0,308,175,37,32
608.png,956,0,80,108,43,19
608.png,957,1,286,174,37,38
136.png,958,1,123,172,91,55
136.png,959,1,90,220,52,112
136.png,960,2,152,285,51,49
136.png,961,0,340,249,33,16
136.png,962,0,239,244,40,27
136.png,963,0,204,258,52,35
136.png,964,0,113,332,46,34
516.png,965,2,226,108,105,185
516.png,966,1,310,318,26,77
516.png,967,0,237,108,41,22
191.png,968,0,284,212,51,76
708.png,969,1,227,152,134,80
708.png,970,0,207,107,32,30
708.png,971,0,253,49,15,21
708.png,972,0,233,71,35,28
507.png,973,2,135,247,52,81
507.png,974,1,166,162,93,25
709.png,975,1,158,339,62,17
709.png,976,1,29,146,114,159
420.png,977,1,224,134,50,30
420.png,978,2,217,213,84,183
194.png,979,2,307,249,28,83
796.png,980,1,194,107,86,67
796.png,981,1,97,78,107,61
582.png,982,0,162,181,45,13
582.png,983,1,223,250,45,53
800.png,984,2,166,139,62,59
800.png,985,2,242,206,66,90
800.png,986,0,109,129,48,44
829.png,987,1,255,356,37,53
829.png,988,2,51,165,57,151
829.png,989,0,197,422,42,25
778.png,990,1,207,91,56,85
103.png,991,2,148,177,76,45
369.png,992,1,193,91,61,75
369.png,993,1,270,371,22,50
369.png,994,1,252,172,16,56
369.png,995,2,185,76,73,29
223.png,996,1,219,114,61,113
223.png,997,0,155,64,62,52
540.png,998,2,195,75,132,70
540.png,999,0,119,59,55,21
577.png,1000,1,257,143,59,39
577.png,1001,1,193,137,92,86
882.png,1002,2,123,335,67,55
882.png,1003,1,84,257,34,77
206.png,1004,2,85,205,35,100
206.png,1005,1,121,148,76,55
528.png,1006,1,165,39,80,66
528.png,1007,2,293,141,36,80
593.png,1008,0,202,227,57,29
593.png,1009,1,57,79,88,105
593.png,1010,0,202,255,60,24
202.png,1011,1,208,339,48,25
202.png,1012,2,99,109,104,54
328.png,1013,2,188,176,15,91
11.png,1014,1,124,152,78,16
11.png,1015,0,112,178,28,52
159.png,1016,0,118,89,81,38
948.png,1017,0,224,224,22,33
948.png,1018,0,185,256,48,31
832.png,1019,1,210,95,80,49
832.png,1020,0,236,94,23,15
749.png,1021,2,149,174,140,156
749.png,1022,0,175,103,53,34
998.png,1023,1,190,131,62,87
998.png,1024,1,204,102,74,25
612.png,1025,1,113,205,21,47
612.png,1026,2,131,295,140,60
612.png,1027,2,127,155,91,52
505.png,1028,2,168,93,116,66
391.png,1029,0,113,141,29,36
391.png,1030,0,110,191,35,22
391.png,1031,0,184,146,45,38
975.png,1032,2,58,232,48,77
975.png,1033,0,154,101,66,63
842.png,1034,1,169,123,93,77
842.png,1035,0,274,408,28,38
842.png,1036,0,253,207,24,41
842.png,1037,2,271,286,15,71
793.png,1038,2,223,137,129,97
691.png,1039,1,209,261,78,31
691.png,1040,0,146,270,37,23
691.png,1041,2,300,247,122,34
863.png,1042,1,206,157,83,51
863.png,1043,2,197,245,98,41
863.png,1044,2,199,87,26,100
116.png,1045,1,245,41,62,74
116.png,1046,1,272,25,69,31
84.png,1047,2,163,124,119,174
84.png,1048,2,287,361,24,68
575.png,1049,2,112,287,51,60
575.png,1050,0,179,346,28,19
575.png,1051,1,97,171,87,27
575.png,1052,1,182,321,31,26
911.png,1053,0,252,45,21,23
911.png,1054,0,231,73,32,33
841.png,1055,1,186,63,41,21
841.png,1056,1,209,116,31,60
669.png,1057,1,256,105,61,87
511.png,1058,2,180,99,49,18
511.png,1059,2,119,54,119,32
511.png,1060,2,107,60,110,128
556.png,1061,0,244,410,33,22
556.png,1062,1,305,428,43,15
556.png,1063,1,95,196,59,53
556.png,1064,2,86,256,39,109
279.png,1065,2,61,142,109,64
736.png,1,0,193,130,34,12
736.png,2,0,93,96,59,22
635.png,3,1,155,117,62,30
635.png,4,1,234,142,57,126
635.png,5,1,295,271,18,41
635.png,6,1,42,101,80,70
635.png,7,2,282,308,36,67
382.png,8,2,80,178,46,107
382.png,9,1,71,319,60,38
685.png,10,1,220,140,43,24
685.png,11,0,102,136,23,20
685.png,12,0,259,168,23,20
572.png,13,1,88,267,23,32
572.png,14,1,118,301,52,27
572.png,15,1,79,161,70,102
752.png,16,1,322,168,23,60
752.png,17,1,220,49,49,19
752.png,18,1,289,75,40,92
96.png,19,2,112,100,46,55
529.png,20,2,126,115,203,98
226.png,21,0,95,67,56,31
226.png,22,1,211,60,39,13
226.png,23,2,166,81,118,176
345.png,24,1,188,199,46,67
700.png,25,1,223,78,56,117
965.png,26,0,128,67,44,26
965.png,27,1,185,85,117,161
834.png,28,2,200,155,58,58
727.png,29,0,106,111,50,19
659.png,30,0,269,91,18,33
212.png,31,1,222,75,47,65
384.png,32,1,186,93,66,34
384.png,33,0,287,221,14,39
430.png,34,2,122,299,94,62
430.png,35,1,115,136,121,159
591.png,36,1,332,307,20,63
591.png,37,0,204,202,25,11
129.png,38,1,247,102,16,46
600.png,39,2,278,155,32,101
600.png,40,0,69,45,58,34
699.png,41,1,263,160,59,54
699.png,42,1,135,100,150,96
942.png,43,1,130,132,41,184
942.png,44,1,148,100,89,23
339.png,45,0,232,243,36,22
339.png,46,1,250,276,48,101
339.png,47,1,186,183,38,62
339.png,48,1,216,98,37,40
339.png,49,0,159,163,31,19
339.png,50,2,194,130,29,36
991.png,51,0,101,167,22,41
991.png,52,1,142,107,54,36
991.png,53,0,92,106,55,26
991.png,54,1,189,136,62,42
153.png,55,2,197,149,30,104
437.png,56,1,171,114,93,30
797.png,57,0,272,335,23,33
797.png,58,0,204,139,64,19
797.png,59,1,241,174,48,20
797.png,60,0,318,188,27,31
792.png,61,1,129,336,23,47
792.png,62,1,248,57,66,17
792.png,63,0,127,94,38,17
792.png,64,0,137,127,49,25
792.png,65,1,147,154,26,27
792.png,66,1,109,71,86,33
504.png,67,1,173,206,64,55
504.png,68,1,171,155,64,32
927.png,69,1,236,108,72,91
927.png,70,0,210,79,76,17
927.png,71,0,180,97,33,27
429.png,72,0,169,253,44,34
429.png,73,0,95,192,74,65
677.png,74,0,272,290,29,28
677.png,75,0,231,271,23,163
677.png,76,0,249,249,36,43
753.png,77,2,159,103,113,63
753.png,78,0,77,70,52,28
57.png,79,1,158,301,52,13
57.png,80,1,92,128,55,149
340.png,81,0,212,213,26,47
310.png,82,1,225,169,31,20
310.png,83,1,253,208,14,36
536.png,84,1,272,54,58,31
643.png,85,1,276,74,15,54
501.png,86,2,279,196,81,94
106.png,87,0,97,221,33,40
106.png,88,0,96,269,18,62
106.png,89,1,180,243,89,60
106.png,90,0,114,328,34,18
106.png,91,1,146,279,38,54
248.png,92,0,303,147,61,55
68.png,93,1,123,61,91,23
68.png,94,1,153,16,31,31
68.png,95,1,324,232,15,42
913.png,96,2,170,105,67,73
481.png,97,2,153,269,31,53
928.png,98,1,99,136,86,64
928.png,99,0,108,96,59,30
393.png,100,1,153,136,109,65
374.png,101,0,160,65,48,21
374.png,102,1,138,247,18,64
374.png,103,0,152,99,18,33
737.png,104,0,245,178,33,11
737.png,105,2,199,130,81,23
885.png,106,0,191,246,42,28
885.png,107,1,108,410,47,49
885.png,108,1,164,181,99,51
875.png,109,0,289,152,26,29
312.png,110,0,241,144,42,44
312.png,111,1,279,186,31,103
480.png,112,1,225,37,59,58
597.png,113,1,75,314,47,67
597.png,114,2,130,227,67,48
860.png,115,1,111,235,48,67
860.png,116,1,154,91,105,82
293.png,117,0,305,100,32,51
293.png,118,2,213,29,61,50
992.png,119,2,46,283,64,61
992.png,120,1,193,337,90,23
992.png,121,0,72,100,37,42
992.png,122,2,325,319,70,22
992.png,123,2,35,139,52,153
804.png,124,0,80,239,39,51
804.png,125,0,87,146,42,56
642.png,126,1,231,175,150,75
642.png,127,0,234,135,27,35
221.png,128,2,206,125,58,23
221.png,129,0,106,99,41,37
213.png,130,0,127,170,31,35
213.png,131,2,237,179,114,23
304.png,132,2,75,166,91,141
658.png,133,1,244,152,34,59
79.png,134,0,221,181,47,27
79.png,135,1,257,171,66,23
818.png,136,1,74,74,68,103
286.png,137,0,300,249,28,54
286.png,138,0,177,107,31,29
696.png,139,0,156,103,68,19
849.png,140,1,106,170,86,33
678.png,141,1,151,340,92,44
678.png,142,2,107,208,43,78
678.png,143,2,166,196,67,14
847.png,144,1,151,64,53,26
847.png,145,0,110,92,28,33
847.png,146,1,137,151,35,124
401.png,147,0,199,107,41,74
104.png,148,2,181,113,48,74
174.png,149,1,172,48,50,33
174.png,150,2,235,209,22,79
174.png,151,1,233,87,73,46
495.png,152,1,274,253,78,44
495.png,153,2,145,116,79,81
495.png,154,1,146,210,58,86
462.png,155,0,173,244,36,28
462.png,156,1,199,232,73,41
618.png,157,1,303,127,38,76
762.png,158,2,66,130,96,112
762.png,159,0,215,339,23,15
762.png,160,2,61,255,50,91
549.png,161,2,188,287,23,104
549.png,162,1,104,187,67,81
549.png,163,1,177,254,46,83
549.png,164,0,183,146,48,19
351.png,165,1,64,162,82,61
351.png,166,1,38,281,57,57
256.png,167,2,156,351,21,55
256.png,168,0,229,137,38,35
256.png,169,0,266,171,19,22
493.png,170,1,180,98,58,66
894.png,171,2,310,91,104,111
854.png,172,2,182,95,44,104
854.png,173,1,172,225,47,68
399.png,174,2,187,223,119,93
399.png,175,0,86,207,41,19
637.png,176,1,177,120,62,29
637.png,177,2,214,268,36,18
637.png,178,0,207,281,66,45
637.png,179,2,143,159,27,127
713.png,180,1,67,124,80,188
947.png,181,2,48,130,87,225
711.png,182,2,150,88,156,54
711.png,183,0,42,86,64,38
711.png,184,1,425,351,41,132
711.png,185,0,119,43,72,62
461.png,186,2,241,103,108,110
461.png,187,1,188,58,102,197
568.png,188,2,66,127,77,186
856.png,189,1,77,162,83,125
460.png,190,0,84,139,82,40
460.png,191,0,175,99,37,54
542.png,192,1,256,117,51,54
826.png,193,1,136,93,67,21
826.png,194,1,218,151,35,43
826.png,195,0,198,103,33,51
850.png,196,0,218,59,66,33
850.png,197,0,205,80,28,66
955.png,198,0,237,136,42,41
916.png,199,0,115,176,103,54
916.png,200,1,220,219,133,41
916.png,201,2,56,60,100,107
954.png,202,1,47,144,67,103
364.png,203,1,170,108,85,51
671.png,204,2,103,128,35,106
363.png,205,2,214,87,21,92
350.png,206,1,182,93,88,49
988.png,207,0,178,147,39,36
5.png,208,1,165,73,146,68
5.png,209,1,254,154,36,42
881.png,210,1,237,111,58,27
881.png,211,2,160,318,39,75
182.png,212,1,57,135,47,94
196.png,213,2,134,43,115,169
531.png,214,1,96,117,50,107
531.png,215,1,144,87,105,56
193.png,216,1,92,85,71,42
193.png,217,1,123,156,47,38
897.png,218,0,128,236,30,69
897.png,219,2,134,105,68,87
438.png,220,1,138,52,53,24
438.png,221,0,96,76,19,34
438.png,222,2,112,141,48,123
470.png,223,0,233,94,42,55
470.png,224,0,286,89,52,17
412.png,225,1,149,98,71,39
132.png,226,1,55,106,84,132
307.png,227,1,230,239,41,106
307.png,228,2,172,127,75,111
580.png,229,1,82,110,111,100
950.png,230,2,195,195,93,77
97.png,231,1,277,165,20,59
592.png,232,2,61,138,121,250
872.png,233,0,140,93,34,86
724.png,234,2,45,140,97,172
143.png,235,2,279,143,53,88
561.png,236,2,251,161,59,103
959.png,237,2,322,203,37,51
959.png,238,1,149,15,58,39
86.png,239,0,104,187,91,39
86.png,240,0,138,38,54,34
86.png,241,0,245,164,71,26
86.png,242,2,218,218,124,42
86.png,243,2,57,61,97,110
19.png,244,1,255,187,106,102
19.png,245,0,202,178,46,21
472.png,246,1,53,112,48,92
537.png,247,2,142,137,22,95
467.png,248,1,307,255,42,77
140.png,249,0,106,214,20,45
559.png,250,1,214,259,57,55
559.png,251,0,151,116,69,73
638.png,252,0,145,208,29,46
638.png,253,0,129,179,24,24
814.png,254,1,73,315,43,68
814.png,255,1,84,186,60,71
101.png,256,2,139,117,84,159
101.png,257,2,212,159,85,109
101.png,258,2,215,285,50,84
38.png,259,2,91,128,116,269
712.png,260,1,118,264,21,73
198.png,261,1,219,132,94,40
154.png,262,2,129,62,89,35
154.png,263,0,92,137,52,55
891.png,264,2,139,257,24,67
772.png,265,1,35,225,61,76
205.png,266,1,219,182,50,31
979.png,267,2,101,160,65,71
870.png,268,0,128,83,54,72
830.png,269,0,200,154,46,39
37.png,270,0,128,78,79,53
683.png,271,0,144,160,43,22
35.png,272,1,120,104,28,56
35.png,273,1,184,251,34,40
35.png,274,1,158,179,25,68
58.png,275,0,198,52,60,20
58.png,276,0,150,69,24,41
58.png,277,0,159,35,107,31
58.png,278,1,195,132,24,56
692.png,279,1,205,205,97,60
692.png,280,2,112,166,47,112
883.png,281,1,289,233,56,63
127.png,282,0,206,103,99,43
127.png,283,1,241,137,54,22
127.png,284,1,161,150,51,105
237.png,285,1,169,283,118,31
237.png,286,1,43,55,145,87
775.png,287,0,176,152,63,38
474.png,288,2,37,122,84,131
474.png,289,1,103,257,161,26
539.png,290,1,115,120,149,40
290.png,291,2,186,105,79,60
290.png,292,1,105,88,79,37
944.png,293,2,253,126,30,179
587.png,294,1,155,69,146,101
74.png,295,0,273,193,47,27
74.png,296,1,113,244,66,36
74.png,297,0,94,200,28,58
74.png,298,1,111,101,78,78
74.png,299,0,201,214,66,32
74.png,300,0,180,244,46,16
483.png,301,1,143,103,180,85
483.png,302,0,208,100,26,15
64.png,303,1,143,159,27,78
64.png,304,2,180,101,79,29
65.png,305,2,53,84,88,177
65.png,306,2,80,267,145,37
144.png,307,1,214,137,28,46
144.png,308,1,133,114,86,25
144.png,309,2,160,94,145,20
144.png,310,1,220,124,44,29
662.png,311,2,141,70,62,246
943.png,312,1,216,205,43,70
827.png,313,2,183,108,34,177
827.png,314,0,215,141,26,15
12.png,315,1,171,155,76,22
12.png,316,0,194,191,40,31
12.png,317,1,145,167,52,35
779.png,318,2,203,111,85,51
465.png,319,1,124,153,58,127
963.png,320,0,35,185,21,47
963.png,321,1,58,265,210,107
963.png,322,1,64,33,206,114
446.png,323,1,186,172,58,114
63.png,324,1,41,120,83,136
365.png,325,1,261,72,105,34
77.png,326,2,142,130,114,236
426.png,327,1,210,138,86,43
482.png,328,1,86,166,62,60
722.png,329,0,109,191,41,55
722.png,330,0,153,179,37,20
28.png,331,2,196,207,67,73
28.png,332,2,143,289,53,59
458.png,333,0,68,180,31,36
458.png,334,2,77,268,91,27
100.png,335,1,69,176,23,64
100.png,336,0,78,237,18,31
558.png,337,0,167,107,40,29
558.png,338,1,186,158,41,67
694.png,339,2,235,124,89,93
418.png,340,1,269,256,29,66
83.png,341,1,290,133,50,51
305.png,342,2,58,190,44,69
840.png,343,2,82,74,142,173
67.png,344,1,169,119,34,84
898.png,345,1,199,85,63,54
952.png,346,2,109,122,61,162
952.png,347,2,118,327,42,100
333.png,348,0,108,105,48,43
333.png,349,0,163,146,43,18
902.png,350,1,75,132,73,87
902.png,351,2,86,276,90,65
435.png,352,2,124,127,70,266
776.png,353,2,261,217,104,83
802.png,354,2,161,123,75,49
802.png,355,0,289,271,32,24
705.png,356,1,118,193,103,131
705.png,357,2,129,359,53,39
135.png,358,2,275,277,27,147
135.png,359,0,81,89,78,31
413.png,360,2,201,109,32,34
413.png,361,1,106,95,135,131
181.png,362,2,117,133,125,131
425.png,363,2,244,254,27,122
756.png,364,1,70,117,141,88
756.png,365,1,81,293,59,36
23.png,366,2,95,125,75,191
398.png,367,1,200,74,180,100
551.png,368,0,185,130,107,44
878.png,369,1,230,130,49,143
917.png,370,0,166,208,37,17
917.png,371,0,141,370,23,49
249.png,372,1,213,181,45,45
90.png,373,2,245,177,59,91
123.png,374,1,151,105,64,28
123.png,375,1,148,136,55,10
138.png,376,0,220,207,66,44
138.png,377,1,102,158,74,75
225.png,378,0,288,162,43,41
225.png,379,0,241,87,62,64
410.png,380,1,219,145,63,9
410.png,381,0,216,161,40,24
967.png,382,1,114,73,40,36
896.png,383,2,81,161,52,114
873.png,384,1,250,104,56,26
873.png,385,0,297,210,58,130
443.png,386,0,167,254,141,66
298.png,387,0,158,173,64,111
115.png,388,1,182,85,44,29
61.png,389,0,201,185,23,16
43.png,390,0,213,106,38,58
43.png,391,1,260,168,56,67
231.png,392,1,273,224,32,107
231.png,393,1,205,145,63,41
227.png,394,2,139,73,141,192
403.png,395,2,232,144,58,45
433.png,396,1,105,149,43,56
815.png,397,2,309,256,39,131
815.png,398,1,213,110,76,75
390.png,399,1,195,268,57,51
390.png,400,1,83,239,81,25
441.png,401,1,284,212,39,113
441.png,402,0,284,167,11,28
441.png,403,1,196,88,132,74
450.png,404,1,184,135,67,79
450.png,405,0,199,104,57,24
214.png,406,1,240,95,88,80
275.png,407,1,85,166,87,92
167.png,408,0,149,29,62,29
167.png,409,0,274,97,57,56
167.png,410,1,267,273,17,43
877.png,411,2,17,109,140,139
207.png,412,1,134,130,63,90
264.png,413,1,160,85,151,105
173.png,414,2,138,73,84,64
26.png,415,0,143,161,51,93
682.png,416,0,178,116,144,154
280.png,417,1,278,259,52,32
675.png,418,1,176,156,79,127
338.png,419,2,232,197,73,63
468.png,420,2,86,149,129,92
771.png,421,1,197,197,46,106
439.png,422,2,151,88,107,221
515.png,423,2,197,132,106,165
407.png,424,1,157,205,68,151
3.png,425,1,266,171,77,85
571.png,426,0,222,83,23,32
272.png,427,0,190,85,57,42
204.png,428,0,157,77,66,59
17.png,429,1,98,103,43,25
17.png,430,1,107,207,27,63
17.png,431,0,80,71,52,42
716.png,432,2,118,162,68,122
459.png,433,1,251,194,79,32
784.png,434,2,205,57,84,99
784.png,435,1,185,17,65,38
110.png,436,2,226,233,36,170
777.png,437,2,57,95,169,124
999.png,438,1,227,222,74,151
436.png,439,2,186,182,65,204
502.png,440,1,141,125,40,189
478.png,441,0,224,98,36,54
232.png,442,2,63,94,109,85
268.png,443,2,114,150,135,40
268.png,444,1,247,174,94,42
288.png,445,1,352,331,72,21
288.png,446,2,37,134,189,207
281.png,447,2,69,135,76,207
541.png,448,2,186,130,31,168
541.png,449,0,192,96,39,26
922.png,450,0,175,142,86,44
547.png,451,1,126,73,103,106
383.png,452,1,216,121,72,44
383.png,453,1,197,132,30,110
282.png,454,1,270,125,66,61
282.png,455,1,138,103,58,46
186.png,456,1,185,124,78,56
169.png,457,2,146,142,84,111
253.png,458,2,273,159,61,89
695.png,459,2,221,53,84,39
315.png,460,0,168,128,36,84
901.png,461,2,86,123,203,183
570.png,462,0,256,205,32,11
570.png,463,0,190,185,52,26
570.png,464,1,279,220,64,106
570.png,465,0,183,157,66,29
630.png,466,2,131,52,141,116
510.png,467,0,71,107,68,95
706.png,468,1,111,158,87,46
890.png,469,1,174,118,74,26
982.png,470,2,143,185,52,133
974.png,471,1,136,152,101,87
703.png,472,1,125,159,250,113
703.png,473,2,148,80,190,49
614.png,474,0,166,82,52,47
614.png,475,0,187,55,44,22
614.png,476,2,276,165,50,61
42.png,477,2,149,139,93,211
326.png,478,0,255,291,48,29
45.png,479,0,192,285,93,41
45.png,480,2,81,340,196,41
997.png,481,2,331,282,47,31
997.png,482,2,92,232,98,44
997.png,483,1,92,275,41,86
283.png,484,0,236,155,75,61
163.png,485,0,183,268,28,68
163.png,486,0,183,339,24,56
163.png,487,1,153,122,58,46
525.png,488,1,278,178,16,59
679.png,489,0,225,257,30,52
366.png,490,0,117,229,50,52
366.png,491,0,152,179,47,36
926.png,492,2,191,131,107,24
926.png,493,0,227,205,32,44
900.png,494,0,140,105,34,44
900.png,495,2,174,82,126,21
269.png,496,2,175,195,27,110
681.png,497,1,215,150,42,62
810.png,498,0,100,152,37,51
962.png,499,0,196,137,55,20
866.png,500,1,132,194,75,20
866.png,501,0,124,140,59,42
742.png,502,2,73,166,45,123
838.png,503,1,147,143,158,175
684.png,504,0,242,107,25,22
684.png,505,2,256,161,118,107
564.png,506,1,197,124,63,31
564.png,507,1,205,80,75,56
598.png,508,2,249,146,22,80
874.png,509,1,161,47,100,71
486.png,510,0,134,122,58,58
373.png,511,1,249,176,143,77
373.png,512,2,146,132,104,77
373.png,513,1,300,414,48,17
373.png,514,2,236,365,48,64
373.png,515,1,235,225,18,113
331.png,516,0,230,150,54,63
807.png,517,0,136,218,34,52
257.png,518,0,93,99,46,44
625.png,519,0,245,101,71,105
543.png,520,0,147,145,72,111
783.png,521,1,256,202,56,30
235.png,522,0,239,93,42,24
235.png,523,0,100,25,38,32
518.png,524,1,352,218,48,23
518.png,525,2,245,134,97,75
20.png,526,2,159,180,75,104
20.png,527,0,242,293,43,29
735.png,528,0,48,194,46,85
263.png,529,1,145,336,28,68
263.png,530,1,162,220,50,86
996.png,531,2,79,208,40,102
996.png,532,1,98,143,73,49
733.png,533,1,193,327,18,51
733.png,534,0,187,286,23,29
626.png,535,1,117,133,55,57
626.png,536,2,105,256,66,72
464.png,537,1,187,173,121,174
464.png,538,0,225,95,36,38
946.png,539,0,159,76,45,39
946.png,540,2,194,109,86,184
946.png,541,1,268,291,49,173
946.png,542,1,223,129,47,31
211.png,543,1,63,147,124,236
809.png,544,0,242,39,55,20
809.png,545,0,144,227,10,17
809.png,546,1,148,134,31,91
809.png,547,1,181,136,28,23
809.png,548,1,152,35,70,90
208.png,549,1,230,25,38,90
905.png,550,2,196,61,112,113
924.png,551,1,313,338,29,58
924.png,552,1,208,122,95,120
924.png,553,1,133,120,59,19
924.png,554,1,62,117,59,22
170.png,555,0,115,308,32,16
170.png,556,0,161,304,37,17
761.png,557,1,155,119,49,34
822.png,558,1,139,227,72,31
39.png,559,2,295,282,13,79
39.png,560,0,203,55,66,54
